Job Title,Salary Estimate,Salary_Min,Salary_Max,Salary_Mid,Rating,Company Name,Location,Headquarters,Size,Founded,Type of ownership,Industry,Sector,Revenue,Competitors,Easy Apply,lat,lng,STATE
"Data Analyst, Center on Immigration and Justice (CIJ)",$37K-$66K (Glassdoor est.),"$37,000 ","$66,000 ","$51,500 ",3.2,"Vera Institute of Justice
3.2","New York, NY","New York, NY",201 to 500 employees,1961,Nonprofit Organization,Social Assistance,Non-Profit,$100 to $500 million (USD),-1,TRUE,40.6943,-73.9249,NY
Quality Data Analyst,$37K-$66K (Glassdoor est.),"$37,000 ","$66,000 ","$51,500 ",3.8,"Visiting Nurse Service of New York
3.8","New York, NY","New York, NY",10000+ employees,1893,Nonprofit Organization,Health Care Services & Hospitals,Health Care,$2 to $5 billion (USD),-1,-1,40.6943,-73.9249,NY
"Senior Data Analyst, Insights & Analytics Team [Customer Operations]",$37K-$66K (Glassdoor est.),"$37,000 ","$66,000 ","$51,500 ",3.4,"Squarespace
3.4","New York, NY","New York, NY",1001 to 5000 employees,2003,Company - Private,Internet,Information Technology,Unknown / Non-Applicable,GoDaddy,-1,40.6943,-73.9249,NY
Data Analyst,$37K-$66K (Glassdoor est.),"$37,000 ","$66,000 ","$51,500 ",4.1,"Celerity
4.1","New York, NY","McLean, VA",201 to 500 employees,2002,Subsidiary or Business Segment,IT Services,Information Technology,$50 to $100 million (USD),-1,-1,40.6943,-73.9249,NY
Reporting Data Analyst,$37K-$66K (Glassdoor est.),"$37,000 ","$66,000 ","$51,500 ",3.9,"FanDuel
3.9","New York, NY","New York, NY",501 to 1000 employees,2009,Company - Private,Sports & Recreation,"Arts, Entertainment & Recreation",$100 to $500 million (USD),DraftKings,TRUE,40.6943,-73.9249,NY
Data Analyst,$37K-$66K (Glassdoor est.),"$37,000 ","$66,000 ","$51,500 ",3.9,"Point72
3.9","New York, NY","Stamford, CT",1001 to 5000 employees,2014,Company - Private,Investment Banking & Asset Management,Finance,Unknown / Non-Applicable,-1,-1,40.6943,-73.9249,NY
Business/Data Analyst (FP&A),$37K-$66K (Glassdoor est.),"$37,000 ","$66,000 ","$51,500 ",4.4,"Two Sigma
4.4","New York, NY","New York, NY",1001 to 5000 employees,2001,Company - Private,Investment Banking & Asset Management,Finance,Unknown / Non-Applicable,-1,-1,40.6943,-73.9249,NY
Data Science Analyst,$37K-$66K (Glassdoor est.),"$37,000 ","$66,000 ","$51,500 ",3.7,"GNY Insurance Companies
3.7","New York, NY","New York, NY",201 to 500 employees,1914,Company - Private,Insurance Carriers,Insurance,$100 to $500 million (USD),"Travelers, Chubb, Crum & Forster",TRUE,40.6943,-73.9249,NY
Data Analyst,$37K-$66K (Glassdoor est.),"$37,000 ","$66,000 ","$51,500 ",4,"DMGT
4.0","New York, NY","London, United Kingdom",5001 to 10000 employees,1896,Company - Public,Venture Capital & Private Equity,Finance,$1 to $2 billion (USD),"Thomson Reuters, Hearst, Pearson",-1,40.6943,-73.9249,NY
"Data Analyst, Merchant Health",$37K-$66K (Glassdoor est.),"$37,000 ","$66,000 ","$51,500 ",4.4,"Riskified
4.4","New York, NY","New York, NY",501 to 1000 employees,2013,Company - Private,Research & Development,Business Services,Unknown / Non-Applicable,"Signifyd, Forter",-1,40.6943,-73.9249,NY
Data Analyst,$37K-$66K (Glassdoor est.),"$37,000 ","$66,000 ","$51,500 ",4,"NYU Langone Health
4.0","New York, NY","New York, NY",10000+ employees,1841,Hospital,Health Care Services & Hospitals,Health Care,$5 to $10 billion (USD),"NewYork-Presbyterian Hospital, Northwell Health",-1,40.6943,-73.9249,NY
Data Analyst,$37K-$66K (Glassdoor est.),"$37,000 ","$66,000 ","$51,500 ",-1,BulbHead,"Fairfield, NJ",-1,1 to 50 employees,-1,Company - Private,-1,-1,Unknown / Non-Applicable,-1,-1,40.2236,-74.7641,NJ
DATA ANALYST,$37K-$66K (Glassdoor est.),"$37,000 ","$66,000 ","$51,500 ",3.7,"Montefiore Medical
3.7","New York, NY","Bronx, NY",10000+ employees,1884,Nonprofit Organization,Health Care Services & Hospitals,Health Care,$2 to $5 billion (USD),-1,-1,40.6943,-73.9249,NY
Senior Data Analyst,$37K-$66K (Glassdoor est.),"$37,000 ","$66,000 ","$51,500 ",3,"Known
3.0","New York, NY","New York, NY",201 to 500 employees,2004,Company - Private,Advertising & Marketing,Business Services,$100 to $500 million (USD),-1,TRUE,40.6943,-73.9249,NY
Investment Advisory Data Analyst,$37K-$66K (Glassdoor est.),"$37,000 ","$66,000 ","$51,500 ",3.4,"Advisor Group
3.4","Jersey City, NJ","Phoenix, AZ",1001 to 5000 employees,2016,Company - Private,Brokerage Services,Finance,$1 to $5 million (USD),-1,-1,40.7161,-74.0682,NJ
Sustainability Data Analyst,$37K-$66K (Glassdoor est.),"$37,000 ","$66,000 ","$51,500 ",3.6,"CodeGreen Solutions
3.6","New York, NY","New York, NY",1 to 50 employees,-1,Company - Private,Building & Personnel Services,Business Services,Unknown / Non-Applicable,-1,-1,40.6943,-73.9249,NY
Data Analyst,$37K-$66K (Glassdoor est.),"$37,000 ","$66,000 ","$51,500 ",3.8,"Undertone
3.8","New York, NY","New York, NY",201 to 500 employees,2001,Subsidiary or Business Segment,Advertising & Marketing,Business Services,Unknown / Non-Applicable,"DoubleClick, Specific Media, Collective",TRUE,40.6943,-73.9249,NY
Clinical Data Analyst,$37K-$66K (Glassdoor est.),"$37,000 ","$66,000 ","$51,500 ",3.8,"NYSTEC
3.8","New York, NY","Rome, NY",51 to 200 employees,1996,Nonprofit Organization,Consulting,Business Services,$25 to $50 million (USD),"KPMG, Accenture, Deloitte",-1,40.6943,-73.9249,NY
DATA PROGRAMMER/ANALYST,$37K-$66K (Glassdoor est.),"$37,000 ","$66,000 ","$51,500 ",3.9,"Education Development Center, Inc.
3.9","New York, NY","Waltham, MA",501 to 1000 employees,1958,Nonprofit Organization,Research & Development,Business Services,$100 to $500 million (USD),-1,-1,40.6943,-73.9249,NY
Data Analyst,$37K-$66K (Glassdoor est.),"$37,000 ","$66,000 ","$51,500 ",4.9,"Teachers Pay Teachers
4.9","New York, NY","New York, NY",51 to 200 employees,2006,Company - Private,Internet,Information Technology,Unknown / Non-Applicable,-1,-1,40.6943,-73.9249,NY
"Product Analyst, Data Science",$37K-$66K (Glassdoor est.),"$37,000 ","$66,000 ","$51,500 ",4.4,"Google
4.4","New York, NY","Mountain View, CA",10000+ employees,1998,Company - Public,Internet,Information Technology,$10+ billion (USD),"Microsoft, Apple, Facebook",-1,40.6943,-73.9249,NY
Data Science Analyst,$37K-$66K (Glassdoor est.),"$37,000 ","$66,000 ","$51,500 ",-1,MUSIC & Entertainment,"New York, NY","Marina del Rey, CA",Unknown,-1,Company - Public,-1,-1,Unknown / Non-Applicable,-1,-1,40.6943,-73.9249,NY
Data Analyst - Intex Developer,$37K-$66K (Glassdoor est.),"$37,000 ","$66,000 ","$51,500 ",3.3,"Macquarie Group
3.3","New York, NY","Sydney, Australia",10000+ employees,1969,Company - Public,Investment Banking & Asset Management,Finance,$5 to $10 billion (USD),"Goldman Sachs, Commonwealth Bank of Australia, Deutsche Bank",-1,40.6943,-73.9249,NY
Data Analyst,$37K-$66K (Glassdoor est.),"$37,000 ","$66,000 ","$51,500 ",3.5,"Andiamo
3.5","New York, NY","Warren, MI",201 to 500 employees,-1,Company - Private,Casual Restaurants,"Restaurants, Bars & Food Services",$1 to $5 million (USD),-1,-1,40.6943,-73.9249,NY
Entry Level / Jr. Data Analyst,$37K-$66K (Glassdoor est.),"$37,000 ","$66,000 ","$51,500 ",3.8,"Dash Technologies Inc
3.8","New York, NY","Columbus, OH",1 to 50 employees,-1,Unknown,-1,-1,Unknown / Non-Applicable,-1,-1,40.6943,-73.9249,NY
Data Analyst,$37K-$66K (Glassdoor est.),"$37,000 ","$66,000 ","$51,500 ",4,"Hearst Communications
4.0","New York, NY","San Francisco, CA",1 to 50 employees,-1,Company - Private,Advertising & Marketing,Business Services,Less than $1 million (USD),-1,-1,40.6943,-73.9249,NY
Data + Business Intelligence Analyst,$37K-$66K (Glassdoor est.),"$37,000 ","$66,000 ","$51,500 ",5,"Duolingo
5.0","New York, NY","Pittsburgh, PA",201 to 500 employees,2011,Company - Private,Internet,Information Technology,$10 to $25 million (USD),-1,-1,40.6943,-73.9249,NY
"Data Analyst, Product",$37K-$66K (Glassdoor est.),"$37,000 ","$66,000 ","$51,500 ",4.8,"Ro
4.8","New York, NY","New York, NY",51 to 200 employees,2017,Company - Private,Health Care Services & Hospitals,Health Care,Unknown / Non-Applicable,-1,-1,40.6943,-73.9249,NY
Data Analyst Entry Level,$37K-$66K (Glassdoor est.),"$37,000 ","$66,000 ","$51,500 ",3.7,"Endai
3.7","New York, NY","New York, NY",1 to 50 employees,-1,Company - Private,Advertising & Marketing,Business Services,$1 to $5 million (USD),-1,-1,40.6943,-73.9249,NY
Data Analyst,$37K-$66K (Glassdoor est.),"$37,000 ","$66,000 ","$51,500 ",4.7,"BlueLabs
4.7","New York, NY","Washington, DC",1 to 50 employees,-1,Company - Private,Research & Development,Business Services,Unknown / Non-Applicable,-1,-1,40.6943,-73.9249,NY
Data Analyst,$46K-$87K (Glassdoor est.),"$46,000 ","$87,000 ","$66,500 ",3.6,"Revel
3.6","Brooklyn, NY","Seattle, WA",51 to 200 employees,2005,Company - Private,Consulting,Business Services,$25 to $50 million (USD),-1,TRUE,40.6501,-73.9496,NY
Data Analyst,$46K-$87K (Glassdoor est.),"$46,000 ","$87,000 ","$66,500 ",3.6,"NALLAS CORPORATION
3.6","Jersey City, NJ","Newtown, PA",1 to 50 employees,-1,Company - Private,Enterprise Software & Network Solutions,Information Technology,$1 to $5 million (USD),-1,-1,40.7161,-74.0682,NJ
Data Analyst,$46K-$87K (Glassdoor est.),"$46,000 ","$87,000 ","$66,500 ",3.5,"Pozent
3.5","New York, NY","Piscataway, NJ",1 to 50 employees,-1,Contract,-1,-1,Less than $1 million (USD),-1,-1,40.6943,-73.9249,NY
"Data Science Analyst, Capital Markets",$46K-$87K (Glassdoor est.),"$46,000 ","$87,000 ","$66,500 ",3.2,"SoFi
3.2","New York, NY","San Francisco, CA",1001 to 5000 employees,2011,Company - Private,Lending,Finance,Unknown / Non-Applicable,-1,-1,40.6943,-73.9249,NY
Data Analyst (Games),$46K-$87K (Glassdoor est.),"$46,000 ","$87,000 ","$66,500 ",-1,Carry1st,"New York, NY",-1,-1,-1,-1,-1,-1,-1,-1,-1,40.6943,-73.9249,NY
Analyst/Associate Global Markets Credit Data Analyst,$46K-$87K (Glassdoor est.),"$46,000 ","$87,000 ","$66,500 ",3.7,"Bank of America
3.7","New York, NY","Charlotte, NC",10000+ employees,1904,Company - Public,Banks & Credit Unions,Finance,$10+ billion (USD),-1,-1,40.6943,-73.9249,NY
Data Business Analyst,$46K-$87K (Glassdoor est.),"$46,000 ","$87,000 ","$66,500 ",-1,Clear Street,"New York, NY","New York, NY",51 to 200 employees,2018,Company - Public,-1,-1,$1 to $5 million (USD),-1,-1,40.6943,-73.9249,NY
Data Analyst with Excel/DAX/ PowerBI experience- Fulltime,$46K-$87K (Glassdoor est.),"$46,000 ","$87,000 ","$66,500 ",3.6,"Nutech Information Systems
3.6","New York, NY","Westmont, IL",1 to 50 employees,-1,Company - Private,Computer Hardware & Software,Information Technology,Less than $1 million (USD),-1,-1,40.6943,-73.9249,NY
Data Science Analyst/Engineer,$46K-$87K (Glassdoor est.),"$46,000 ","$87,000 ","$66,500 ",4,"NYU Langone Health
4.0","New York, NY","New York, NY",10000+ employees,1841,Hospital,Health Care Services & Hospitals,Health Care,$5 to $10 billion (USD),"NewYork-Presbyterian Hospital, Northwell Health",-1,40.6943,-73.9249,NY
Data Analyst,$46K-$87K (Glassdoor est.),"$46,000 ","$87,000 ","$66,500 ",4.6,"The Trevor Project
4.6","New York, NY","West Hollywood, CA",51 to 200 employees,-1,Nonprofit Organization,Social Assistance,Non-Profit,$10 to $25 million (USD),-1,-1,40.6943,-73.9249,NY
"Business Analyst, Data Platforms",$46K-$87K (Glassdoor est.),"$46,000 ","$87,000 ","$66,500 ",-1,Pinto,"New York, NY","New York, NY",1 to 50 employees,-1,Company - Private,-1,-1,Unknown / Non-Applicable,-1,-1,40.6943,-73.9249,NY
Behavioral Data Analyst,$46K-$87K (Glassdoor est.),"$46,000 ","$87,000 ","$66,500 ",-1,AB InBev,"New York, NY","Kyiv, Ukraine",1001 to 5000 employees,-1,Company - Public,-1,-1,Unknown / Non-Applicable,-1,-1,40.6943,-73.9249,NY
Data Analyst,$46K-$87K (Glassdoor est.),"$46,000 ","$87,000 ","$66,500 ",5,"Whip Media Group
5.0","New York, NY","Santa Monica, CA",51 to 200 employees,2016,Company - Private,-1,-1,Unknown / Non-Applicable,-1,-1,40.6943,-73.9249,NY
Data Analyst -1+ year Contract - NYC,$46K-$87K (Glassdoor est.),"$46,000 ","$87,000 ","$66,500 ",4,"Two95 International Inc.
4.0","New York, NY","Cherry Hill, NJ",1 to 50 employees,-1,Company - Private,Staffing & Outsourcing,Business Services,$1 to $5 million (USD),-1,-1,40.6943,-73.9249,NY
Data Analyst,$46K-$87K (Glassdoor est.),"$46,000 ","$87,000 ","$66,500 ",3,"Vettery
3.0","New York, NY","New York, NY",201 to 500 employees,2013,Company - Private,Internet,Information Technology,Unknown / Non-Applicable,"Hired, Indeed, AngelList",-1,40.6943,-73.9249,NY
Data Analyst,$46K-$87K (Glassdoor est.),"$46,000 ","$87,000 ","$66,500 ",2.9,"Nesco Resource, LLC
2.9","New York, NY","Cleveland, OH",1001 to 5000 employees,1956,Company - Private,Staffing & Outsourcing,Business Services,$500 million to $1 billion (USD),-1,-1,40.6943,-73.9249,NY
Advertising Data Analyst,$46K-$87K (Glassdoor est.),"$46,000 ","$87,000 ","$66,500 ",4,"Hearst Communications
4.0","New York, NY","San Francisco, CA",1 to 50 employees,-1,Company - Private,Advertising & Marketing,Business Services,Less than $1 million (USD),-1,-1,40.6943,-73.9249,NY
Data Analyst,$46K-$87K (Glassdoor est.),"$46,000 ","$87,000 ","$66,500 ",3.6,"MediaMath
3.6","New York, NY","New York, NY",501 to 1000 employees,2007,Company - Private,Advertising & Marketing,Business Services,$100 to $500 million (USD),"Criteo, AppNexus, dataxu",TRUE,40.6943,-73.9249,NY
Market Data Reporting Analyst,$46K-$87K (Glassdoor est.),"$46,000 ","$87,000 ","$66,500 ",4.9,"Jordan & Jordan
4.9","New York, NY","New York, NY",1 to 50 employees,1990,Company - Private,Brokerage Services,Finance,Unknown / Non-Applicable,-1,-1,40.6943,-73.9249,NY
"Senior Analyst, Data Science",$46K-$87K (Glassdoor est.),"$46,000 ","$87,000 ","$66,500 ",3.9,"Roku
3.9","New York, NY","San Jose, CA",1001 to 5000 employees,2002,Company - Public,IT Services,Information Technology,$500 million to $1 billion (USD),-1,-1,40.6943,-73.9249,NY
"Senior Data Analyst, Disney+",$46K-$87K (Glassdoor est.),"$46,000 ","$87,000 ","$66,500 ",4,"Walt Disney Co.
4.0","New York, NY","Burbank, CA",10000+ employees,1923,Company - Public,Motion Picture Production & Distribution,Media,$10+ billion (USD),"News Corp, WarnerMedia, NBCUniversal",-1,40.6943,-73.9249,NY
"Office of the CAO | Reference Data, Project Manager/Business Analyst",$46K-$87K (Glassdoor est.),"$46,000 ","$87,000 ","$66,500 ",3.8,"Citadel
3.8","New York, NY","Chicago, IL",1001 to 5000 employees,1990,Company - Private,-1,-1,$50 to $100 million (USD),"Soros Fund Management, D. E. Shaw & Co. - Investment Firm, Fortress Investment Group",-1,40.6943,-73.9249,NY
Business Data Analyst,$46K-$87K (Glassdoor est.),"$46,000 ","$87,000 ","$66,500 ",3.7,"Xoriant Corporation
3.7","Jersey City, NJ","Sunnyvale, CA",1001 to 5000 employees,1990,Company - Private,IT Services,Information Technology,$100 to $500 million (USD),"Persistent Systems (India), GlobalLogic, Synechron",-1,40.7161,-74.0682,NJ
Senior Data Analyst,$46K-$87K (Glassdoor est.),"$46,000 ","$87,000 ","$66,500 ",3.6,"Gemini
3.6","New York, NY","New York, NY",51 to 200 employees,2015,Company - Private,Brokerage Services,Finance,Unknown / Non-Applicable,-1,-1,40.6943,-73.9249,NY
Data Scientist / Big Data Analytics Analyst,$46K-$87K (Glassdoor est.),"$46,000 ","$87,000 ","$66,500 ",3.6,"TSR, Inc.
3.6","Weehawken, NJ","Hauppauge, NY",201 to 500 employees,1969,Company - Public,Staffing & Outsourcing,Business Services,$50 to $100 million (USD),-1,-1,40.2236,-74.7641,NJ
Data Reporting Analyst,$46K-$87K (Glassdoor est.),"$46,000 ","$87,000 ","$66,500 ",-1,NADAP NYS INC.,"New York, NY",-1,-1,-1,-1,-1,-1,-1,-1,-1,40.6943,-73.9249,NY
"Principal Data Analyst, LATAM - Disney Streaming Services",$46K-$87K (Glassdoor est.),"$46,000 ","$87,000 ","$66,500 ",4,"Walt Disney Co.
4.0","New York, NY","Burbank, CA",10000+ employees,1923,Company - Public,Motion Picture Production & Distribution,Media,$10+ billion (USD),"News Corp, WarnerMedia, NBCUniversal",-1,40.6943,-73.9249,NY
Data Analyst II,$46K-$87K (Glassdoor est.),"$46,000 ","$87,000 ","$66,500 ",3.2,"Fragomen Worldwide
3.2","New York, NY","New York, NY",1001 to 5000 employees,1951,Company - Private,Legal,Accounting & Legal,$500 million to $1 billion (USD),-1,-1,40.6943,-73.9249,NY
"Data Analyst - Environmental, Social, and Governance",$46K-$87K (Glassdoor est.),"$46,000 ","$87,000 ","$66,500 ",3.8,"Bloomberg
3.8","New York, NY","New York, NY",10000+ employees,1981,Company - Private,Computer Hardware & Software,Information Technology,Unknown / Non-Applicable,"Google, Goldman Sachs, Thomson Reuters",-1,40.6943,-73.9249,NY
Data Analyst,$46K-$87K (Glassdoor est.),"$46,000 ","$87,000 ","$66,500 ",3.9,"Real Capital Analytics
3.9","New York, NY","New York, NY",51 to 200 employees,2000,Company - Private,Real Estate,Real Estate,$25 to $50 million (USD),-1,-1,40.6943,-73.9249,NY
"Data Analyst, Revenue Analytics",$51K-$88K (Glassdoor est.),"$51,000 ","$88,000 ","$69,500 ",4.8,"Ro
4.8","New York, NY","New York, NY",51 to 200 employees,2017,Company - Private,Health Care Services & Hospitals,Health Care,Unknown / Non-Applicable,-1,-1,40.6943,-73.9249,NY
Data Analyst - Data Acquisition / Data Lineage,$51K-$88K (Glassdoor est.),"$51,000 ","$88,000 ","$69,500 ",3.6,"Perficient
3.6","New York, NY","Saint Louis, MO",1001 to 5000 employees,1998,Company - Public,IT Services,Information Technology,$500 million to $1 billion (USD),-1,-1,40.6943,-73.9249,NY
Data Analyst - Data Scanning utilizing Rochade,$51K-$88K (Glassdoor est.),"$51,000 ","$88,000 ","$69,500 ",3.6,"Perficient
3.6","New York, NY","Saint Louis, MO",1001 to 5000 employees,1998,Company - Public,IT Services,Information Technology,$500 million to $1 billion (USD),-1,-1,40.6943,-73.9249,NY
Data Analyst - Stitching,$51K-$88K (Glassdoor est.),"$51,000 ","$88,000 ","$69,500 ",3.6,"Perficient
3.6","New York, NY","Saint Louis, MO",1001 to 5000 employees,1998,Company - Public,IT Services,Information Technology,$500 million to $1 billion (USD),-1,-1,40.6943,-73.9249,NY
Junior Data Analyst,$51K-$88K (Glassdoor est.),"$51,000 ","$88,000 ","$69,500 ",4.1,"Kforce
4.1","New York, NY","Tampa, FL",10000+ employees,1966,Company - Public,Staffing & Outsourcing,Business Services,$1 to $2 billion (USD),-1,-1,40.6943,-73.9249,NY
"Data Analyst, Retail Media",$51K-$88K (Glassdoor est.),"$51,000 ","$88,000 ","$69,500 ",3.9,"Criteo
3.9","New York, NY","Paris, France",1001 to 5000 employees,2005,Company - Public,Internet,Information Technology,$2 to $5 billion (USD),"MediaMath, Conversant, AppNexus",-1,40.6943,-73.9249,NY
Data Analyst,$51K-$88K (Glassdoor est.),"$51,000 ","$88,000 ","$69,500 ",3,"Royal Communications
3.0","New York, NY","New York, NY",1 to 50 employees,-1,Company - Private,IT Services,Information Technology,$1 to $5 million (USD),-1,-1,40.6943,-73.9249,NY
Portfolio Data Analyst,$51K-$88K (Glassdoor est.),"$51,000 ","$88,000 ","$69,500 ",3.7,"Neuberger Berman
3.7","New York, NY","New York, NY",1001 to 5000 employees,1939,Company - Private,Investment Banking & Asset Management,Finance,$500 million to $1 billion (USD),"Fidelity Investments, BlackRock, Putnam Investments",-1,40.6943,-73.9249,NY
Data Science Analyst,$51K-$88K (Glassdoor est.),"$51,000 ","$88,000 ","$69,500 ",-1,Greater New York Mutual Insurance Companies (GNY),"New York, NY",-1,-1,-1,-1,-1,-1,-1,-1,-1,40.6943,-73.9249,NY
Data/Reporting Analyst,$51K-$88K (Glassdoor est.),"$51,000 ","$88,000 ","$69,500 ",3.9,"Diverse Lynx
3.9","New York, NY","Princeton, NJ",501 to 1000 employees,2002,Company - Private,IT Services,Information Technology,$100 to $500 million (USD),-1,-1,40.6943,-73.9249,NY
Data Analyst 2,$51K-$88K (Glassdoor est.),"$51,000 ","$88,000 ","$69,500 ",3.7,"eTeam Inc.
3.7","New York, NY","South Plainfield, NJ",51 to 200 employees,1999,Company - Private,Staffing & Outsourcing,Business Services,$50 to $100 million (USD),"Artech Information Systems, Mindlance, Tech Mahindra",-1,40.6943,-73.9249,NY
Entry Level Data Analyst,$51K-$88K (Glassdoor est.),"$51,000 ","$88,000 ","$69,500 ",-1,impakt Advisors,"New York, NY","New York, NY",1 to 50 employees,-1,Company - Private,Consulting,Business Services,Unknown / Non-Applicable,-1,-1,40.6943,-73.9249,NY
Marketing Data Analyst,$51K-$88K (Glassdoor est.),"$51,000 ","$88,000 ","$69,500 ",3.6,"Current
3.6","New York, NY","Colorado Springs, CO",201 to 500 employees,-1,Company - Public,-1,-1,Unknown / Non-Applicable,-1,-1,40.6943,-73.9249,NY
Data/Information Mgt Analyst,$51K-$88K (Glassdoor est.),"$51,000 ","$88,000 ","$69,500 ",3.7,"Citi
3.7","New York, NY","New York, NY",10000+ employees,1812,Company - Public,Investment Banking & Asset Management,Finance,$10+ billion (USD),-1,-1,40.6943,-73.9249,NY
Business Data Analyst,$51K-$88K (Glassdoor est.),"$51,000 ","$88,000 ","$69,500 ",3.6,"Axelon Services Corporation
3.6","New York, NY","New York, NY",501 to 1000 employees,-1,Company - Private,Staffing & Outsourcing,Business Services,$100 to $500 million (USD),-1,-1,40.6943,-73.9249,NY
Information Systems Officer (Data Analyst),$51K-$88K (Glassdoor est.),"$51,000 ","$88,000 ","$69,500 ",4.1,"United Nations
4.1","New York, NY","New York, NY",10000+ employees,1945,Government,Federal Agencies,Government,Unknown / Non-Applicable,-1,-1,40.6943,-73.9249,NY
Media Science Big Data Analyst,$51K-$88K (Glassdoor est.),"$51,000 ","$88,000 ","$69,500 ",3.5,"Discovery Communications, Inc.
3.5","New York, NY","New York, NY",10000+ employees,1985,Company - Public,TV Broadcast & Cable Networks,Media,$5 to $10 billion (USD),-1,-1,40.6943,-73.9249,NY
Data Analyst,$51K-$88K (Glassdoor est.),"$51,000 ","$88,000 ","$69,500 ",3.7,"Randstad
3.7","Jersey City, NJ","Atlanta, GA",1001 to 5000 employees,-1,Subsidiary or Business Segment,Staffing & Outsourcing,Business Services,Unknown / Non-Applicable,-1,-1,40.7161,-74.0682,NJ
Data Analyst,$51K-$88K (Glassdoor est.),"$51,000 ","$88,000 ","$69,500 ",5,"Mulberry Technology
5.0","New York, NY","New York, NY (US), NY",1 to 50 employees,-1,Company - Private,-1,-1,Unknown / Non-Applicable,-1,-1,40.6943,-73.9249,NY
Data analyst with Python,$51K-$88K (Glassdoor est.),"$51,000 ","$88,000 ","$69,500 ",4,"Two95 International Inc.
4.0","New York, NY","Cherry Hill, NJ",1 to 50 employees,-1,Company - Private,Staffing & Outsourcing,Business Services,$1 to $5 million (USD),-1,-1,40.6943,-73.9249,NY
Data Analyst,$51K-$88K (Glassdoor est.),"$51,000 ","$88,000 ","$69,500 ",4.8,"SoftStandard Solutions
4.8","New York, NY","Fremont, CA",51 to 200 employees,-1,Company - Private,-1,-1,Unknown / Non-Applicable,-1,-1,40.6943,-73.9249,NY
Data Analyst,$51K-$88K (Glassdoor est.),"$51,000 ","$88,000 ","$69,500 ",5,"EDO, Inc.
5.0","New York, NY","Los Angeles, CA",1 to 50 employees,-1,Company - Private,Internet,Information Technology,Unknown / Non-Applicable,-1,-1,40.6943,-73.9249,NY
"Healthcare Data Analyst, Qsight",$51K-$88K (Glassdoor est.),"$51,000 ","$88,000 ","$69,500 ",3.3,"Guidepoint
3.3","New York, NY","New York, NY",501 to 1000 employees,2003,Company - Private,Research & Development,Business Services,Unknown / Non-Applicable,"Coleman Research, AlphaSights, Third Bridge",TRUE,40.6943,-73.9249,NY
BA/Data Analyst,$51K-$88K (Glassdoor est.),"$51,000 ","$88,000 ","$69,500 ",4.1,"Mitchell Martin
4.1","New York, NY","New York, NY",501 to 1000 employees,1984,Company - Private,Staffing & Outsourcing,Business Services,$100 to $500 million (USD),-1,-1,40.6943,-73.9249,NY
Data Analyst Python,$51K-$88K (Glassdoor est.),"$51,000 ","$88,000 ","$69,500 ",4,"Lorven Technologies Inc
4.0","New York, NY","Plainsboro, NJ",1 to 50 employees,-1,Company - Private,Accounting,Accounting & Legal,Less than $1 million (USD),-1,-1,40.6943,-73.9249,NY
"Data Analyst, Bitcoin Trading Firm",$51K-$88K (Glassdoor est.),"$51,000 ","$88,000 ","$69,500 ",-1,Fintech Recruiters,"New York, NY","Dublin, Ireland",Unknown,-1,Company - Private,-1,-1,Unknown / Non-Applicable,-1,-1,40.6943,-73.9249,NY
Data Analyst-BA,$51K-$88K (Glassdoor est.),"$51,000 ","$88,000 ","$69,500 ",1,"Sphinix Network Solutions Inc.
1.0","New York, NY","New York, NY",1 to 50 employees,-1,Company - Private,IT Services,Information Technology,Less than $1 million (USD),-1,-1,40.6943,-73.9249,NY
Data Analytics Solutions Analyst,$51K-$88K (Glassdoor est.),"$51,000 ","$88,000 ","$69,500 ",3.1,"Praescient Analytics
3.1","New York, NY","Alexandria, VA",51 to 200 employees,2011,Company - Private,Consulting,Business Services,$10 to $25 million (USD),-1,-1,40.6943,-73.9249,NY
Quantitative Data Analyst,$51K-$88K (Glassdoor est.),"$51,000 ","$88,000 ","$69,500 ",4.5,"Global Atlantic Financial Group
4.5","New York, NY","New York, NY",1001 to 5000 employees,2004,Company - Private,Insurance Carriers,Insurance,Unknown / Non-Applicable,-1,TRUE,40.6943,-73.9249,NY
Data Analyst,$51K-$88K (Glassdoor est.),"$51,000 ","$88,000 ","$69,500 ",3.4,"FINRA
3.4","New York, NY","Washington, DC",1001 to 5000 employees,2007,Nonprofit Organization,Brokerage Services,Finance,$500 million to $1 billion (USD),-1,-1,40.6943,-73.9249,NY
Data Analyst,$51K-$87K (Glassdoor est.),"$51,000 ","$87,000 ","$69,000 ",-1,NYU Langone Medical Center,"New York, NY",-1,-1,-1,-1,-1,-1,-1,-1,-1,40.6943,-73.9249,NY
"Descriptive Analytics Data Analyst, IB",$51K-$87K (Glassdoor est.),"$51,000 ","$87,000 ","$69,000 ",3.6,"Jefferies
3.6","New York, NY","New York, NY",1001 to 5000 employees,1962,Company - Public,Investment Banking & Asset Management,Finance,$2 to $5 billion (USD),-1,-1,40.6943,-73.9249,NY
Data Analyst,$51K-$87K (Glassdoor est.),"$51,000 ","$87,000 ","$69,000 ",4.1,"RGP
4.1","New York, NY","Irvine, CA",1001 to 5000 employees,1996,Company - Public,Consulting,Business Services,$500 million to $1 billion (USD),"Deloitte, Huron Consulting Group, Point B",-1,40.6943,-73.9249,NY
Data Analyst,$51K-$87K (Glassdoor est.),"$51,000 ","$87,000 ","$69,000 ",4.4,"Tachyon Technologies
4.4","New York, NY","Irving, TX",201 to 500 employees,2011,Company - Private,IT Services,Information Technology,$10 to $25 million (USD),-1,-1,40.6943,-73.9249,NY
Data Analyst,$51K-$87K (Glassdoor est.),"$51,000 ","$87,000 ","$69,000 ",3.8,"Apex Systems
3.8","Jersey City, NJ","Glen Allen, VA",1001 to 5000 employees,1995,Subsidiary or Business Segment,Staffing & Outsourcing,Business Services,$2 to $5 billion (USD),"TEKsystems, Insight Global, Accenture",TRUE,40.7161,-74.0682,NJ
Data Analyst,$51K-$87K (Glassdoor est.),"$51,000 ","$87,000 ","$69,000 ",3.2,"Hagerty Consulting
3.2","New York, NY","Evanston, IL",1 to 50 employees,-1,Company - Private,Consulting,Business Services,$1 to $5 million (USD),-1,-1,40.6943,-73.9249,NY
Data Analyst,$51K-$87K (Glassdoor est.),"$51,000 ","$87,000 ","$69,000 ",-1,Gainful Health,"New York, NY","San Mateo, CA",1 to 50 employees,-1,Company - Private,Food & Beverage Stores,Retail,Unknown / Non-Applicable,-1,-1,40.6943,-73.9249,NY
Business Data Analyst,$51K-$87K (Glassdoor est.),"$51,000 ","$87,000 ","$69,000 ",3.8,"Cortex consultants LLC
3.8","New York, NY","North Brunswick, NJ",501 to 1000 employees,-1,Company - Private,Consulting,Business Services,Unknown / Non-Applicable,-1,-1,40.6943,-73.9249,NY
Data Analyst,$51K-$87K (Glassdoor est.),"$51,000 ","$87,000 ","$69,000 ",4.7,"Medly Pharmacy
4.7","Brooklyn, NY","Brooklyn, NY",201 to 500 employees,2017,Unknown,Health Care Services & Hospitals,Health Care,Unknown / Non-Applicable,-1,-1,40.6501,-73.9496,NY
Healthcare Data Analyst,$51K-$87K (Glassdoor est.),"$51,000 ","$87,000 ","$69,000 ",2.3,"Fair Health
2.3","New York, NY","New York, NY",1 to 50 employees,-1,Nonprofit Organization,-1,-1,$10 to $25 million (USD),-1,-1,40.6943,-73.9249,NY
